"Image","Item Name","SKU","Status","Status Change Reason","Price","Shipping","Price Total","Buy Box","Buy Box Price","Buy Box Shipping","Buy Box Total","Category","Units","Average Rating","Number of Reviews","Item ID","Number of Listings","Item Page Link"
"https://i5.walmartimages.com/asr/60fcc567-34b8-4f2d-b5e0-3efb6e1356ea_1.fd05bcf0129c69c8bade552b308312b6.jpeg","Up Past 8 Little Girls' Fuzzy Pant []","1557-SMB-5","UNPUBLISHED","Your item is unpublished because the end date has passed. To republish your item, re-ingest the item with a new start and end date.",14.99,0,14.99,"",,,"","Clothing",0,0,0,"122664670","0","http://www.walmart.com/ip/Up-Past-8-Little-Girls-Fuzzy-Pant/122664670"
"https://i5.walmartimages.com/asr/d4b4b7f1-fba7-4c75-8a8c-23c2df5c1d4e_1.355675feeb94fb805f200ed83c6affac.jpeg","Komar Kids Big Girls' Bunny 2pc Sleepwear Legging Set","K171708-12","UNPUBLISHED","Customers would save drastically by purchasing this item on a competing website. When unpublished item prices are back within an acceptable range, Walmart will automatically republish the item.",14.99,4.49,19.48,"Buy Box Lost",12.99,0,12.99,"Clothing",0,0,0,"54258181","1","http://www.walmart.com/ip/Girls-Pugs-Like-Hugs-2pc-sleepwear-legging-Set/54258181"
"https://i5.walmartimages.com/asr/58a9ee74-bdb3-4cc4-970b-7364a021313e_1.240ac72d8d041289926330f5090c4a54.jpeg","Spider-Man Little Boys' Toddler ""Swing High"" 2-Piece Pajamas (Sizes 2T - 4T)","US213-3T","UNPUBLISHED","Customers would save drastically by purchasing this item on a competing website. When unpublished item prices are back within an acceptable range, Walmart will automatically republish the item.",14.99,4.49,19.48,"Buy Box Lost",14.99,0,14.99,"Clothing",28,0,0,"116359696","1","http://www.walmart.com/ip/Spider-Man-Little-Boys-Toddler-Swing-High-2-Piece-Pajamas-Sizes-2T-4T/116359696"
"https://i5.walmartimages.com/asr/c4456900-6915-4ca8-b5ab-934f0af4b151_1.a1679256dbfafde5609b595b96019c70.jpeg","Disney Princess Palace Pets Girls Pink Nightgown","21PT033GGSZA-8","UNPUBLISHED","Customers would save drastically by purchasing this item on a competing website. When unpublished item prices are back within an acceptable range, Walmart will automatically republish the item.",19.99,4.49,24.479999999999997,"",,,"","Clothing",0,0,0,"104645172","0","http://www.walmart.com/ip/Disney-Princess-Palace-Pets-Girls-Pink-Nightgown/104645172"
"https://i5.walmartimages.com/asr/59e22a09-0ff7-4ed9-a988-26dbf7213e94_1.703ffc8ba86afd0bd1acacb9f3f4600a.jpeg","Komar Kids Big Girls' Power Rangers 2 Piece Jersey Set Plus Cap","K157973PW-8","UNPUBLISHED","Customers would save drastically by purchasing this item on a competing website. When unpublished item prices are back within an acceptable range, Walmart will automatically republish the item.",14.39,4.49,18.880000000000003,"",,,"","Clothing",0,0,0,"46515152","0","http://www.walmart.com/ip/Girls-Character-2-Piece-Sleepwear-Set/46515152"
"https://i5.walmartimages.com/asr/f384eb0e-c548-44cb-b2d6-2160fac36fa2_1.63f3f536ae9e0d8f111a45f9181198a3.jpeg","Disney Frozen Little Girls' Toddler ""Loving Sisters"" Nightgown","FZ252-3T","UNPUBLISHED","Customers would save drastically by purchasing this item on a competing website. When unpublished item prices are back within an acceptable range, Walmart will automatically republish the item.",14.99,4.49,19.48,"",,,"","Clothing",0,0,0,"170242861","0","http://www.walmart.com/ip/Disney-Frozen-Little-Girls-Toddler-Loving-Sisters-Nightgown/170242861"
"https://i5.walmartimages.com/asr/aa287289-b92f-417e-a20b-1428f37ec3ff_1.4d02cd67a82b9a315e18cc47c2c792c0.jpeg","Daniel Tiger Toddler Boy Tight Fit Pajamas 4pc Set","K182932DA-4T","UNPUBLISHED","Customers would save drastically by purchasing this item on a competing website. When unpublished item prices are back within an acceptable range, Walmart will automatically republish the item.",19.99,4.49,24.479999999999997,"Buy Box Lost",16.29,0,16.29,"Clothing",12,0,0,"52043519","2","http://www.walmart.com/ip/Daniel-Tiger-Toddler-Boy-Tight-Fit-Pajamas-4pc-Set/52043519"
"https://i5.walmartimages.com/asr/511c59d8-dec7-414a-84ea-484effa90fe7_1.96f689c604b62a8f2956229484349c13.jpeg","Disney Frozen Little Girls' Toddler ""Loving Sisters"" Nightgown (Sizes 2T - 4T)","FZ252-2T","UNPUBLISHED","Customers would save drastically by purchasing this item on a competing website. When unpublished item prices are back within an acceptable range, Walmart will automatically republish the item.",14.99,4.49,19.48,"Buy Box Lost",9.99,0,9.99,"Clothing",5,0,0,"179284195","1","http://www.walmart.com/ip/Disney-Frozen-Little-Girls-Toddler-Loving-Sisters-Nightgown-Sizes-2T-4T/179284195"
"https://i5.walmartimages.com/asr/d6d3c695-3ce3-4f50-b066-66119ffb89cc_1.b5e36e06dc3a7b07f923481bd6deda47.jpeg","Disney Frozen Boys Olaf 4 Piece Cotton Pajama Set with Flashlight, Sizes 4-10","21FZ061B-10","UNPUBLISHED","Customers would save drastically by purchasing this item on a competing website. When unpublished item prices are back within an acceptable range, Walmart will automatically republish the item.",19.99,4.49,24.479999999999997,"",,,"","Clothing",23,0,0,"175713634","0","http://www.walmart.com/ip/Disney-Frozen-Big-Boys-Olaf-4-Piece-Cotton-Pajama-Set-with-Flashlight/175713634"
"https://i5.walmartimages.com/asr/00390115-1d10-436b-93cc-d5b408d8f67d_1.2b3430860f75db23f93dcb2c1e2925a0.jpeg","Disney Frozen Little Girls' ""Snowflake Core"" 2-Piece Pajamas (Sizes 4 - 6X)","FZ553-4","UNPUBLISHED","Customers would save drastically by purchasing this item on a competing website. When unpublished item prices are back within an acceptable range, Walmart will automatically republish the item.",14.99,4.49,19.48,"Buy Box Lost",13.99,0,13.99,"Clothing",5,0,0,"121312675","1","http://www.walmart.com/ip/Disney-Frozen-Little-Girls-Snowflake-Core-2-Piece-Pajamas-Sizes-4-6X/121312675"
"https://i5.walmartimages.com/asr/28321075-90b5-4641-b080-808286d8e0b1_1.29aa643993ea826bd3b1aa1a6a6968f6.jpeg","Star Wars Boys Robe Bathrobe ""Vader"" Pajamas","21ST098BRDTG-2-M","UNPUBLISHED","Customers would save drastically by purchasing this item on a competing website. When unpublished item prices are back within an acceptable range, Walmart will automatically republish the item.",29.99,4.49,34.48,"",,,"","Clothing",0,0,0,"188156943","0","http://www.walmart.com/ip/Paw-Patrol-Infant-Toddler-Boys-Licensed-Sleepwear/188156943"
"https://i5.walmartimages.com/asr/c40379d9-21c4-42e4-9752-f1a714fc9a6e_1.d45fd375ae31d4bc0f8aa2abbcda3dd2.jpeg","Monster High Big Girls'  White Bathrobe","K173955MH-XL","UNPUBLISHED","Customers would save drastically by purchasing this item on a competing website. When unpublished item prices are back within an acceptable range, Walmart will automatically republish the item.",24.99,4.49,29.479999999999997,"",,,"","Clothing",0,0,0,"170160230","0","http://www.walmart.com/ip/Monster-High-Big-Girls-White-Bathrobe/170160230"
"https://i5.walmartimages.com/asr/cf1e9ad4-0cd0-4337-8f95-3e23abc25eff_1.782c2fc25a2524849fac5d2c8aac4efc.jpeg","Disney Frozen Big Girls' ""Snowflake Core"" 2-Piece Pajamas (Sizes 7 - 16)","FZ553-8","UNPUBLISHED","Customers would save drastically by purchasing this item on a competing website. When unpublished item prices are back within an acceptable range, Walmart will automatically republish the item.",12.99,4.49,17.48,"Buy Box Lost",12.99,0,12.99,"Clothing",39,0,0,"176341127","1","http://www.walmart.com/ip/Disney-Frozen-Big-Girls-Snowflake-Core-2-Piece-Pajamas-Sizes-7-16/176341127"
"https://i5.walmartimages.com/asr/08f33124-e3f1-4288-a38d-92bebfeb3b02_1.f2a1661eabd843a43026e95a0689cbed.jpeg","Angry Birds Boys Licensed Cotton Sleep P","K182662AB-8","UNPUBLISHED","Customers would save drastically by purchasing this item on a competing website. When unpublished item prices are back within an acceptable range, Walmart will automatically republish the item.",19.99,4.49,24.479999999999997,"Buy Box Lost",19.89,0,19.89,"Clothing",31,0,0,"53965796","1","http://www.walmart.com/ip/Angry-Birds-Boys-Licensed-Cotton-Sleep-Pajama-4-PC-Set/53965796"
"https://i5.walmartimages.com/asr/0a27984e-7ae6-455e-85af-7961b0685d9d_1.c52c8bd222b03b853d6c21403eed0b8f.jpeg","Batman v Superman Big Boys' ""Dual Shield"" 2-Piece Pajamas (Sizes 8 - 20)","DJ026-10","UNPUBLISHED","Customers would save drastically by purchasing this item on a competing website. When unpublished item prices are back within an acceptable range, Walmart will automatically republish the item.",14.99,4.49,19.48,"Buy Box Lost",16.99,0,16.99,"Clothing",3,0,0,"118430718","1","http://www.walmart.com/ip/Batman-v-Superman-Big-Boys-Dual-Shield-2-Piece-Pajamas-Sizes-8-20/118430718"
"https://i5.walmartimages.com/asr/78a7b45e-ca07-4cb9-befe-2f6e7592b628_1.d193b2c9f2ae83685f0a5c31cfe85b6d.jpeg","Rusty Men's Hoodie Fleece Sweatshirt","FTM0171-BLK-M","UNPUBLISHED","Customers would save drastically by purchasing this item on a competing website. When unpublished item prices are back within an acceptable range, Walmart will automatically republish the item.",29.99,0,29.99,"",,,"","Clothing",0,0,0,"141180276","0","http://www.walmart.com/ip/Rusty-Men-s-Hoodie-Fleece-Sweatshirt/141180276"
"https://i5.walmartimages.com/asr/c8e4fd09-150f-46ce-8ec5-efa263444d16_1.6fd03eba64ecb032a523fbaa588a0787.jpeg","DC Comics Superman Fleece Boys Pajama Set, Sizes 4-10","21SP006BLLZA-4","UNPUBLISHED","Customers would save drastically by purchasing this item on a competing website. When unpublished item prices are back within an acceptable range, Walmart will automatically republish the item.",16.99,4.49,21.479999999999997,"",,,"","Clothing",0,0,0,"193076223","0","http://www.walmart.com/ip/DC-Comics-Superman-Fleece-Pajamas-for-Little-Boys/193076223"
"https://i5.walmartimages.com/asr/74cf5cd5-f71b-44ed-9b19-b9dbb7c1cb43_1.0efb2eb54e5d398819c8d9832d8addac.jpeg","Disney Princess Cinderella, Belle, Sleeping Beauty Toddler Robe","K157502PN-3T","UNPUBLISHED","Customers would save drastically by purchasing this item on a competing website. When unpublished item prices are back within an acceptable range, Walmart will automatically republish the item.",19.99,4.49,24.479999999999997,"Buy Box Lost",19.99,0,19.99,"Clothing",0,0,0,"155353877","1","http://www.walmart.com/ip/Disney-Princess-Cinderella-Belle-Sleeping-Beauty-Toddler-Robe/155353877"
"https://i5.walmartimages.com/asr/dbdf5093-a1c6-4ea1-8cfa-827e5636bcbf_1.b2835775bc31e8c45cc9df90b68f7776.jpeg","Komar Kids Big Boys' Angry Birds Micro Fleece Blanket Sleeper","K182136AB-XS","UNPUBLISHED","Customers would save drastically by purchasing this item on a competing website. When unpublished item prices are back within an acceptable range, Walmart will automatically republish the item.",19.99,4.49,24.479999999999997,"",,,"","Clothing",38,0,0,"100206180","0","http://www.walmart.com/ip/Komar-Kids-Big-Boys-Angry-Birds-Micro-Fleece-Blanket-Sleeper/100206180"
"https://i5.walmartimages.com/asr/fdf88f6f-4036-41af-b93c-318d993df672_1.61458d1861b31fe77ebfb3b9583cb0ef.jpeg","Disney Princesses Hearts Cozy Pajama Set Sizes 2T-8","K157601PN-2T","UNPUBLISHED","Customers would save drastically by purchasing this item on a competing website. When unpublished item prices are back within an acceptable range, Walmart will automatically republish the item.",14.99,4.49,19.48,"",,,"","Clothing",7,0,0,"136224564","0","http://www.walmart.com/ip/Disney-Princesses-Hearts-Cozy-Pajama-Set-Sizes-2T-8/136224564"
"https://i5.walmartimages.com/asr/419d86b8-2afb-488d-8c41-14d6dcd34d8f_1.90d03c3d2eaa8b6e4dbe931710f75ded.jpeg","Peppa Pig Little Girls Panties 7 PAIR of Underwear Briefs","peppa_undies_7pk-2-4T","UNPUBLISHED","Customers would save drastically by purchasing this item on a competing website. When unpublished item prices are back within an acceptable range, Walmart will automatically republish the item.",16.97,4.49,21.46,"Buy Box Lost",13.99,0,13.99,"Clothing",18,0,0,"107185282","1","http://www.walmart.com/ip/Peppa-Pig-Little-Girls-Panties-7-PAIR-of-Underwear-Briefs/107185282"
"https://i5.walmartimages.com/asr/b127f5d5-09db-4076-8380-cffa22d85963_1.90834e0077229df1a5b80f6f8bfa7424.jpeg","Girls' Reindeer Xmas Dressy Gown","K157967-S","UNPUBLISHED","Customers would save drastically by purchasing this item on a competing website. When unpublished item prices are back within an acceptable range, Walmart will automatically republish the item.",14.99,4.49,19.48,"Buy Box Lost",15.93,0,15.93,"Clothing",13,5,1,"54257994","1","http://www.walmart.com/ip/Girls-Reindeer-Xmas-Dressy-Gown/54257994"
"https://i5.walmartimages.com/asr/8445488d-d1e1-469c-84ae-c09520e55f64_1.711f578f97dd95451b6e659e03ad844a.jpeg","Disney Little Girls' Sofia Costume Sleep Gown","K166994PN-2-2T","UNPUBLISHED","Customers would save drastically by purchasing this item on a competing website. When unpublished item prices are back within an acceptable range, Walmart will automatically republish the item.",14.99,4.49,19.48,"",,,"","Clothing",0,0,0,"162180292","0","http://www.walmart.com/ip/Disney-Little-Girls-Sofia-Costume-Sleep-Gown/162180292"
"https://i5.walmartimages.com/asr/28321075-90b5-4641-b080-808286d8e0b1_1.29aa643993ea826bd3b1aa1a6a6968f6.jpeg","Star Wars Boys Robe Bathrobe ""Vader"" Pajamas","21ST098BRDTG-2-L","UNPUBLISHED","Customers would save drastically by purchasing this item on a competing website. When unpublished item prices are back within an acceptable range, Walmart will automatically republish the item.",29.99,4.49,34.48,"",,,"","Clothing",0,0,0,"134231133","0","http://www.walmart.com/ip/Paw-Patrol-Infant-Toddler-Boys-Licensed-Sleepwear/134231133"
"https://i5.walmartimages.com/asr/28321075-90b5-4641-b080-808286d8e0b1_1.29aa643993ea826bd3b1aa1a6a6968f6.jpeg","Star Wars Boys Robe Bathrobe ""Vader"" Pajamas","21ST098BRDTG-2-XS","UNPUBLISHED","Customers would save drastically by purchasing this item on a competing website. When unpublished item prices are back within an acceptable range, Walmart will automatically republish the item.",29.99,4.49,34.48,"",,,"","Clothing",7,0,0,"194994016","0","http://www.walmart.com/ip/Star-Wars-Boys-Robe-Bathrobe-Vader-Pajamas/194994016"
"https://i5.walmartimages.com/asr/58a9ee74-bdb3-4cc4-970b-7364a021313e_1.240ac72d8d041289926330f5090c4a54.jpeg","Spider-Man Little Boys' Toddler ""Swing High"" 2-Piece Pajamas (Sizes 2T - 4T)","US213-2T","UNPUBLISHED","Customers would save drastically by purchasing this item on a competing website. When unpublished item prices are back within an acceptable range, Walmart will automatically republish the item.",14.99,4.49,19.48,"Buy Box Lost",10.99,0,10.99,"Clothing",11,0,0,"121933099","1","http://www.walmart.com/ip/Spider-Man-Little-Boys-Toddler-Swing-High-2-Piece-Pajamas-Sizes-2T-4T/121933099"
"https://i5.walmartimages.com/asr/dbdf5093-a1c6-4ea1-8cfa-827e5636bcbf_1.b2835775bc31e8c45cc9df90b68f7776.jpeg","Komar Kids Big Boys' Angry Birds Micro Fleece Blanket Sleeper","K182136AB-S","UNPUBLISHED","Customers would save drastically by purchasing this item on a competing website. When unpublished item prices are back within an acceptable range, Walmart will automatically republish the item.",19.99,4.49,24.479999999999997,"",,,"","Clothing",16,0,0,"102973542","0","http://www.walmart.com/ip/Komar-Kids-Big-Boys-Angry-Birds-Micro-Fleece-Blanket-Sleeper/102973542"
"https://i5.walmartimages.com/asr/fbac063c-24eb-4b89-baff-8b3a7a32cc3b_1.85804ad812d7a63da31f2af34b2ea9c4.jpeg","Komar Kids Boys Blue Camo Bathrobe Size XS/4-5","K171312-XS","UNPUBLISHED","Customers would save drastically by purchasing this item on a competing website. When unpublished item prices are back within an acceptable range, Walmart will automatically republish the item.",14.99,4.49,19.48,"Buy Box Lost",9.99,0,9.99,"Clothing",40,0,0,"634935404","1","http://www.walmart.com/ip/Komar-Kids-Boys-Blue-Camo-Bathrobe-Size-XS-4-5/634935404"
"https://i5.walmartimages.com/asr/d6d3c695-3ce3-4f50-b066-66119ffb89cc_1.b5e36e06dc3a7b07f923481bd6deda47.jpeg","Disney Frozen Boys Olaf 4 Piece Cotton Pajama Set with Flashlight, Sizes 4-10","21FZ061B-8","UNPUBLISHED","Customers would save drastically by purchasing this item on a competing website. When unpublished item prices are back within an acceptable range, Walmart will automatically republish the item.",24.99,4.49,29.479999999999997,"",,,"","Clothing",0,0,0,"167790764","0","http://www.walmart.com/ip/Disney-Frozen-Big-Boys-Olaf-4-Piece-Cotton-Pajama-Set-with-Flashlight/167790764"
"https://i5.walmartimages.com/asr/f384eb0e-c548-44cb-b2d6-2160fac36fa2_1.63f3f536ae9e0d8f111a45f9181198a3.jpeg","Disney Frozen Little Girls' Toddler ""Loving Sisters"" Nightgown","FZ252-4T","UNPUBLISHED","Customers would save drastically by purchasing this item on a competing website. When unpublished item prices are back within an acceptable range, Walmart will automatically republish the item.",14.99,4.49,19.48,"",,,"","Clothing",0,0,0,"187740249","0","http://www.walmart.com/ip/Disney-Frozen-Little-Girls-Toddler-Loving-Sisters-Nightgown/187740249"
"https://i5.walmartimages.com/asr/58a9ee74-bdb3-4cc4-970b-7364a021313e_1.240ac72d8d041289926330f5090c4a54.jpeg","Spider-Man Little Boys' Toddler ""Swing High"" 2-Piece Pajamas (Sizes 2T - 4T)","US213-4T","UNPUBLISHED","Customers would save drastically by purchasing this item on a competing website. When unpublished item prices are back within an acceptable range, Walmart will automatically republish the item.",14.99,4.49,19.48,"Buy Box Lost",14.99,0,14.99,"Clothing",40,0,0,"117146314","1","http://www.walmart.com/ip/Spider-Man-Little-Boys-Toddler-Swing-High-2-Piece-Pajamas-Sizes-2T-4T/117146314"
"https://i5.walmartimages.com/asr/54af6c34-7f6e-4ec6-bee2-6133d056bb78_1.fe2c2a58c8cb5d502a09b28306277865.jpeg","Disney Princess Little Girls 4-Piece Cotton Pajama Set, Infant/Toddler Sizes 12M-4T","K166362PN-2-4T","UNPUBLISHED","Customers would save drastically by purchasing this item on a competing website. When unpublished item prices are back within an acceptable range, Walmart will automatically republish the item.",22.99,4.49,27.479999999999997,"",,,"","Clothing",0,0,0,"141186659","0","http://www.walmart.com/ip/Disney-Princess-Little-Girls-4-Piece-Cotton-Pajama-Set-Infant-Toddler-Sizes-12M-4T/141186659"
"https://i5.walmartimages.com/asr/9f32032e-a4a4-437f-82bf-24527e53b8f4_1.f5aaea243cf44384d4812a6c75a8850a.jpeg","Batman v Superman Little Boys' ""Dual Shield"" 2-Piece Pajamas (Sizes 4 - 7)","DJ026-6","UNPUBLISHED","Customers would save drastically by purchasing this item on a competing website. When unpublished item prices are back within an acceptable range, Walmart will automatically republish the item.",14.99,4.49,19.48,"Buy Box Lost",16.99,0,16.99,"Clothing",11,0,0,"177552428","1","http://www.walmart.com/ip/Batman-v-Superman-Little-Boys-Dual-Shield-2-Piece-Pajamas-Sizes-4-7/177552428"
"https://i5.walmartimages.com/asr/6b10296f-810b-4800-9064-7945ffc4b47a_1.ddeaf7d005cd7b600143df1effe10a16.jpeg","Komar Kids Big Girls' Hello Kitty Hooded Fleece Robe","K182103HK-L","UNPUBLISHED","Customers would save drastically by purchasing this item on a competing website. When unpublished item prices are back within an acceptable range, Walmart will automatically republish the item.",24.99,4.49,29.479999999999997,"",,,"","Clothing",0,5,1,"46515135","0","http://www.walmart.com/ip/Girls-Hello-Kitty-Hooded-Robe/46515135"
"https://i5.walmartimages.com/asr/5ba9fe3a-46bf-42b3-9774-afd04c481192_1.49399413ce4c305a96b6750634629680.jpeg","Disney Frozen Little Girls' Toddler ""Sister Frames"" Nightgown (Sizes 2T - 4T)","FZ252-1-2T","UNPUBLISHED","Customers would save drastically by purchasing this item on a competing website. When unpublished item prices are back within an acceptable range, Walmart will automatically republish the item.",16.97,4.49,21.46,"Buy Box Lost",12.99,0,12.99,"Clothing",5,0,0,"179418463","1","http://www.walmart.com/ip/Disney-Frozen-Little-Girls-Toddler-Sister-Frames-Nightgown-Sizes-2T-4T/179418463"
"https://i5.walmartimages.com/asr/24c5fe68-a951-40cd-87b9-9e25bfc7de7c_1.438dccadf31cd135208b9d4f6103a614.jpeg","Disney Little Girls'Anna and Elsa Costume Knit 2 Piece Pajamas","21FZ025TLLZA-2-3T","UNPUBLISHED","Customers would save drastically by purchasing this item on a competing website. When unpublished item prices are back within an acceptable range, Walmart will automatically republish the item.",14.97,4.49,19.46,"",,,"","Clothing",0,0,0,"138543592","0","http://www.walmart.com/ip/Disney-Little-Girls-Anna-and-Elsa-Costume-Knit-2-Piece-Pajamas/138543592"
"https://i5.walmartimages.com/asr/4fc785c3-27ab-4651-a54f-01e8feeeffea_1.02ae603a362a780e54518fda480bc37f.jpeg","Peanuts Girl's Snoopy Short Sleeve Pant Set","K157760PE-1-2T","UNPUBLISHED","Customers would save drastically by purchasing this item on a competing website. When unpublished item prices are back within an acceptable range, Walmart will automatically republish the item.",14.99,4.49,19.48,"",,,"","Clothing",0,0,0,"152333481","0","http://www.walmart.com/ip/Peanuts-Girl-s-Snoopy-Short-Sleeve-Pant-Set/152333481"
"https://i5.walmartimages.com/asr/419d86b8-2afb-488d-8c41-14d6dcd34d8f_1.90d03c3d2eaa8b6e4dbe931710f75ded.jpeg","Peppa Pig Little Girls Panties 7 PAIR of Underwear Briefs","peppa-2T/3T","UNPUBLISHED","Customers would save drastically by purchasing this item on a competing website. When unpublished item prices are back within an acceptable range, Walmart will automatically republish the item.",19.99,4.49,24.479999999999997,"",,,"","Clothing",17,0,0,"181345685","0","http://www.walmart.com/ip/Peppa-Pig-Little-Girls-Panties-7-PAIR-of-Underwear-Briefs/181345685"
"https://i5.walmartimages.com/asr/9f32032e-a4a4-437f-82bf-24527e53b8f4_1.f5aaea243cf44384d4812a6c75a8850a.jpeg","Batman v Superman Little Boys' ""Dual Shield"" 2-Piece Pajamas (Sizes 4 - 7)","DJ026-4","UNPUBLISHED","Customers would save drastically by purchasing this item on a competing website. When unpublished item prices are back within an acceptable range, Walmart will automatically republish the item.",14.99,4.49,19.48,"Buy Box Lost",16.99,0,16.99,"Clothing",3,0,0,"189738621","1","http://www.walmart.com/ip/Batman-v-Superman-Little-Boys-Dual-Shield-2-Piece-Pajamas-Sizes-4-7/189738621"
"https://i5.walmartimages.com/asr/24c5fe68-a951-40cd-87b9-9e25bfc7de7c_1.438dccadf31cd135208b9d4f6103a614.jpeg","Disney Little Girls'Anna and Elsa Costume Knit 2 Piece Pajamas","21FZ025TLLZA-2-4T","UNPUBLISHED","Customers would save drastically by purchasing this item on a competing website. When unpublished item prices are back within an acceptable range, Walmart will automatically republish the item.",16.49,4.49,20.979999999999997,"",,,"","Clothing",0,0,0,"186561733","0","http://www.walmart.com/ip/Disney-Little-Girls-Anna-and-Elsa-Costume-Knit-2-Piece-Pajamas/186561733"
"https://i5.walmartimages.com/asr/4d2fd361-6f45-4c25-a577-db9e749ad89c_1.a6c5782df966c6655450278a92a41e80.jpeg","Hello Kitty Santa Kitty Christmas Magic Nightgown","K182895HK-1-6","UNPUBLISHED","Customers would save drastically by purchasing this item on a competing website. When unpublished item prices are back within an acceptable range, Walmart will automatically republish the item.",9.99,4.49,14.48,"",,,"","Clothing",36,5,2,"46513898","0","http://www.walmart.com/ip/Girls-Hello-Kitty-Holiday-Sleep-Gown/46513898"
"https://i5.walmartimages.com/asr/08f33124-e3f1-4288-a38d-92bebfeb3b02_1.f2a1661eabd843a43026e95a0689cbed.jpeg","Angry Birds Boys Licensed Cotton Sleep P","K182662AB-6","UNPUBLISHED","Customers would save drastically by purchasing this item on a competing website. When unpublished item prices are back within an acceptable range, Walmart will automatically republish the item.",19.99,4.49,24.479999999999997,"Buy Box Lost",19.89,0,19.89,"Clothing",33,0,0,"53965795","1","http://www.walmart.com/ip/Angry-Birds-Boys-Licensed-Cotton-Sleep-Pajama-4-PC-Set/53965795"
"https://i5.walmartimages.com/asr/bc64729a-b9bd-4b15-8b93-9082dd3439cb_1.cee3cc7241320dbaeae733429c55e1d7.jpeg","Mattel Big Boys' Max Steel  4 Piece Cotton Pajama Set, Sizes 4-8","K157351MS-6","UNPUBLISHED","Customers would save drastically by purchasing this item on a competing website. When unpublished item prices are back within an acceptable range, Walmart will automatically republish the item.",18.99,4.49,23.479999999999997,"",,,"","Clothing",0,0,0,"196938523","0","http://www.walmart.com/ip/Mattel-Big-Boys-Max-Steel-4-Piece-Cotton-Pajama-Set-Sizes-4-8/196938523"
"https://i5.walmartimages.com/asr/d6d3c695-3ce3-4f50-b066-66119ffb89cc_1.b5e36e06dc3a7b07f923481bd6deda47.jpeg","Disney Frozen Boys Olaf 4 Piece Cotton Pajama Set with Flashlight, Sizes 4-10","21FZ061B-4","UNPUBLISHED","Customers would save drastically by purchasing this item on a competing website. When unpublished item prices are back within an acceptable range, Walmart will automatically republish the item.",24.99,4.49,29.479999999999997,"",,,"","Clothing",0,0,0,"127480243","0","http://www.walmart.com/ip/Disney-Frozen-Big-Boys-Olaf-4-Piece-Cotton-Pajama-Set-with-Flashlight/127480243"
"https://i5.walmartimages.com/asr/0a27984e-7ae6-455e-85af-7961b0685d9d_1.c52c8bd222b03b853d6c21403eed0b8f.jpeg","Batman v Superman Big Boys' ""Dual Shield"" 2-Piece Pajamas (Sizes 8 - 20)","DJ026-8","UNPUBLISHED","Customers would save drastically by purchasing this item on a competing website. When unpublished item prices are back within an acceptable range, Walmart will automatically republish the item.",14.99,4.49,19.48,"Buy Box Lost",16.99,0,16.99,"Clothing",11,0,0,"136696412","1","http://www.walmart.com/ip/Batman-v-Superman-Big-Boys-Dual-Shield-2-Piece-Pajamas-Sizes-8-20/136696412"
"https://i5.walmartimages.com/asr/2123b248-e9e7-4990-be41-d8a6d7731806_1.450412917895b45321582420116da9d9.jpeg","WWE Boys' License 2pc Sleep Short Set","B55WE-L","UNPUBLISHED","An internal error occurred while publishing this item. Please re-ingest the item.",,,"","",,,"","Clothing",0,0,0,"41922951","0","http://www.walmart.com/ip/WWE-Boys-License-2pc-Sleep-Short-Set/41922951"
"https://i5.walmartimages.com/asr/2123b248-e9e7-4990-be41-d8a6d7731806_1.450412917895b45321582420116da9d9.jpeg","WWE Boys' License 2pc Sleep Short Set","B55WE-M","UNPUBLISHED","An internal error occurred while publishing this item. Please re-ingest the item.",,,"","",,,"","Clothing",0,0,0,"41922492","0","http://www.walmart.com/ip/WWE-Boys-License-2pc-Sleep-Short-Set/41922492"
"https://i5.walmartimages.com/asr/048a1f49-ac51-487a-b8ba-3df073b91ab0_1.3d94d56f5680700b14f7e8df07c18fc3.jpeg","WWE Boys' License 2pc Sleep Short Set","B55WE-XS","UNPUBLISHED","An internal error occurred while publishing this item. Please re-ingest the item.",,,"","",,,"","Clothing",0,0,0,"41922488","0","http://www.walmart.com/ip/WWE-Boys-License-2pc-Sleep-Short-Set/41922488"
"https://i5.walmartimages.com/asr/2123b248-e9e7-4990-be41-d8a6d7731806_1.450412917895b45321582420116da9d9.jpeg","WWE Boys' License 2pc Sleep Short Set","B55WE-S","UNPUBLISHED","An internal error occurred while publishing this item. Please re-ingest the item.",,,"","",,,"","Clothing",0,0,0,"41922489","0","http://www.walmart.com/ip/WWE-Boys-License-2pc-Sleep-Short-Set/41922489"
"https://i5.walmartimages.com/asr/6b15fa12-c694-4c2b-83a9-757ed2b59fb5_1.172afab001c43e1915adf868712ec8f1.jpeg","Spider-Man Boys Blue Pajama Pants, Sizes 4-10","S5056BPT-2XL","UNPUBLISHED","Your item is unpublished because the end date has passed. To republish your item, re-ingest the item with a new start and end date.",9.99,4.49,14.48,"",,,"","Clothing",0,0,0,"117046359","0","http://www.walmart.com/ip/Spider-Man-Boys-Blue-Poly-Pajama-Pants/117046359"
,"Visco-GEL 'Stay-Put' Toe Spacers Medium 4/Pack","1557-DSS-3","UNPUBLISHED","Your item is unpublished because the end date has passed. To republish your item, re-ingest the item with a new start and end date.",99.99,,99.99,"",,,"","Health & Beauty",0,0,0,"140224035","0",