Style;Isle;Section;Shelve;default\
21AZ350SLBPZA;1;1;1;Y
21NE243ZSBPZA;1;1;1;Y
21NJ153ZSBPZA;1;1;1;Y
21CR210SLFPZA;1;2;1;Y
BA0332;1;2;1;Y
21BM021BLLZA;1;3;1,3;Y
21BM030BLLZA;1;3;1,3;Y
21BM021BLLZA;1;4;1;Y
S5016BLLZA;1;4;1,3;Y
S5018ELLZA;1;4;1;Y
21S5013ELLFM;1;5;1,3;Y
SL003BCLZA;1;5;1,3;Y
SL000BCLZA;1;5;1,3;Y
S5029BLLZA;1;6;1,3;Y
21NE008BCLZA;1;6;1,3;Y
21NE005BLLZA;1;7;1,2;Y
21CR201ZSFPZA;1;1;2;Y
21BM136SLFCTG;1;1,2;2;Y
21AZ386SLFPZA;1;2;2;Y
21NE173SLBPTG;1;2;2;Y
21SP044SLFPTG;1;3;2;Y
21A2029BLLZA;1;3;2;Y
21BM020ELLZA;1;3,4;2;Y
21DM017BLLTG;1;4;2;Y
21US186ZSFPZA;1;4;2;Y
21BM012ELLJC;1;5;2;Y
21MK015ELLZA;1;5;2;Y
21NJ038BLLBN;1;6;2;Y
21NE005BLLZA;1;6;2;Y
21SP010BLLZA;1;7;2,3;Y
21S5011BCLKM;1;7;2;Y
21CR201ZSFPMA;1;7;3;N
21PQ036SLFPZA;2;1;1;Y
21AG001ZSBPZA;2;1;1;Y
21SH006SLFPZA;2;2;1,3;Y
21US063HLFPZA;2;2;1;Y
21PQ021LLBFAZ;2;3;1;Y
21NE212LLBFAZ;2;3;1;Y
21SX075LLBFAZ;2;3;1;Y
21BM021BLLZA;2;3;1;N
21NJ069CLB4AZ;2;3;1;Y
21PQ013CLF4ZA;2;3;1;Y
21US106CLF4ZA;2;3;1;Y
21TE180CLF4BE;2;3;1;Y
21US129CLB4ZA;2;3;1;Y
21NE221CLB4AZ;2;3;1;Y
21SL153CLB4AZ;2;4;1;Y
21JP035LLFPZA;2;4;1;Y
21SP052CLB4ZA;2;4;1;Y
21SP064CLB4ZA;2;4;1;Y
21A2028LLBFAZ;2;5;1;Y
21TE154SLFPZA;2;5;1;Y
21CR194CLF4ZA;2;5;1;Y
21SM033LLFPZA;2;5;1;Y
21BM067SLBCZA;2;5;1;Y
21BM120SLBPZA;2;6;1;Y
21SP033SLBCZA;2;6;1,3;Y
21MC262ZSFPSH;2;6;1,3;Y
21CR085LLIFZA;2;6;1;Y
21CR17LLFFAZ;2;7;1;Y
K157086PL;2;7;1;Y
K157079JK;2;7;1;Y
21NJ054LLFFAZ;2;7;1;Y
21AG001SLBPTG;2;1;2,3;Y
21CR210SLFPZA;2;1;2;N
21CR117SLFPZA;2;2;2;Y
21CR117ZSFPZA;2;2;2;Y
21SS292CSH4KM;2;3;2,3;Y
21PQ021LLBFZA;2;3;2;Y
21AQ012CLB4AZ;2;3;2;Y
21US184ZSBPTG;2;3;2;Y
21US186SLFPDZ;2;3;2;Y
21SS247SLFPZA;2;4;2;Y
K157094MM;2;4;2,3;Y
21AG001ZSBPZA;2;4;2;N
21BM075SSFPZA;2;4;2;Y
21S5006SSBPZA;2;4;2;Y
K157120MI;2;4;2;Y
21BM012ELLZA;2;5;2;N
21MC221SLFPZA;2;5;2;Y
21TEA65SSBIL2;2;5;2;Y
21TE118LLFFZA;2;6;2;Y
21SB257SSBPZA;2;6;2;Y
21BM075SSFPZA;2;6;2;N
21MK113SSFPZA;2;6;2;Y
21MC263ZSFPTG;2;7;2,3;Y
21NJ133ZSFPTG;2;7;2;Y
21JP053SLECTG;2;7;2;Y
21AG001SLBPSS;2;2;3;Y
21AG001ZSBPZA;2;3;3;N
21A2029BLLZA;2;4;3;N
21US186ZSFPZA;2;5;3;N
21BM067SLBCZA;2;6;3;N
21CRA90BFBIZA;2;7;3;Y
21DP013GSCZA;3;1;1,3;Y
21DP519ZRGPZA;3;1;1,3;Y
21CI0865GSGPZA;3;1;1;Y
21HK926ZSGPZA;3;2;1;Y
21RY031DLGPZA;3;2;1;Y
21DP523GSGPZA;3;2;1;N
21DP433DLGPZA;3;2;1;Y
21AZ255SLGPZA;3;3;1,3;Y
21HK045GLLZA;3;3;1,3;Y
21DE300LLLFZA;3;9;3;Y
21SBC12DTGBL2;3;4;1;Y
21SSB12SLGIL2;3;4;1;Y
21DP362SLKPZA;3;4;1;Y
21LM139ZUGPZA;3;4;1;Y
21HK420LLKPZA;3;4;1;Y
21DP412TSGPZA;3;5;1;Y
21DP473LLV4WM;3;5;1;Y
21HK670SLGPZA;3;6;1;Y
21LM107LLKFZA;3;6;1;Y
21SBC79DSGBL2;3;6;1;Y
21DEA25DLGTZA;3;6;1;Y
21DF167TGPZA;3;6;1;Y
21DFC81DLGTTG;3;7;1;Y
89449200;3;7;1;Y
89479201;3;7;1;Y
21DP513TCGPZA;3;1;2;Y
21DD031TLKPZA;3;1;2;Y
21DP499DSKPZA;3;1;2;Y
21LM092DSKPZA;3;1;2;Y
21LM076DTKPFM;3;1;2;Y
21DP523GSGPZA;3;2;2;Y
21HK965DTKPZA;3;2;2;Y
21MW158DSKPFM;3;2;2,3;Y
21HK926SLGPZA;3;3;2;Y
21DP363TLKPZA;3;3;2;Y
21DEB18LLGTZA;3;3;2;Y
K157019MM;3;3;2;Y
21M001DLKPZA;3;4;2;Y
21DP448LLKPZA;3;4;2;Y
21DP363TSVPKM;3;4;2;Y
21DD051SSKPMA;3;4;2;Y
21SX038DTGPZA;3;4;2;Y
21DP413SLKPZA;3;4;2;N
21DP361DTKPZA;3;4;2;Y
21DE349SLLPZA;3;5;2;Y
21DE406DLKPZA;3;5;2;Y
21DE388DSKPKM;3;5;2;Y
21DE373DSKPZA;3;5;2;Y
21DEB91DSGBKM;3;5;2,3;Y
21DF011DTKPKL;3;6;2;Y
21HKA96DSGTKL;3;6;2;Y
21DF159DTKKPZA;3;6;2;Y
21SX038DTGPZA;3;6;2;N
21DEB83DLGTTG;3;7;2;Y
21DE043DLKPZA;3;7;2;Y
21DPD09DLGTTG;3;7;2;Y
K173366FN;4;1-2;1,2;N
K173361FN;4;2;1,3;N
K157015PN;4;3;1;Y
XXXXXXXXXXX;4;3;1;Y
21AZ215CLG4ZA;4;3;1;Y
21AZ056LLGPZA;4;3;1;Y
21DE365ZTKPZA;4;4;1;Y
21HK665SLGPZA;4;4;1;N
21DP295CLK4ZA;4;5;1;Y
21DP294CLL4ZA;4;5;1;Y
21DP469CLK4ZA;4;5;1;Y
21DP002656ZA1;4;5;1;Y
21DE321CLK4ZA;4;5;1;Y
21HK824CLK4ZA;4;5;1;Y
21DP435LLKFZA;4;5;1;Y
21DE442CLL4ZA;4;5;1;Y
21DE442CLK4ZA;4;5;1;Y
21HK683TSGPZA;4;6;1;Y
21HK665SLGPZA;4;6;1;Y
21DY043ZSKPSH;4;6;1;Y
21DF299ZTGPZA;4;6;1;Y
18418200;4;7;1;Y
18418202;4;7;1;Y
71418204;4;7;1;Y
K173362FN ;4;1;2,3 ;N
K173361FN ;4;1;2,3;N
K173363AL;4;2;2;N
K173365FN;4;2;2;N
21MW128DLKPZA;4;3;2;Y
21DP413SLLPZA;4;3;2;Y
21DE349SLKPZA;4;3;2,3;Y
21SS226ZTKPZA;4;4;2;Y
21DE365ZTKPZA;4;4;2;N
21DY014LLKPZA;4;4;2;Y
21DY044TCLZA;4;4;2;Y
21DY004CLK4ZA;4;4;2;Y
21DE399SSKPZA;4;4;2;Y
21MI016SLKPDZ;4;5;2;Y
21DY043SLKPDZ;4;5;2,3;Y
21DE261LLKPZA;4;5;2;Y
21DP471LLKCZA;4;6;2;Y
21MW193SLKCZA;4;6;2;Y
21DP511SLKCTG;4;6;2;Y
89418203;4;7;2;Y
89418201;4;7;2;Y
K157015PN;4;2;3;N
71418204;4;6;3;Y
34469200;4;7;3;Y
K173362FN ;5;1;1;Y
K157674PN;5;1;1;Y
K173365FN;5;2;1;Y
K173361FN;5;2;1;Y
K166558PN;5;3;1;Y
K157571PN;5;3-4;1,2;Y
K157578PN;5;4-5;1;Y
K157501MH;5;5;1;Y
K166529PN;5;6;1;Y
K166153PN;5;6;1;Y
K157502PN;5;7;1;Y
K157446MH;5;7;1;Y
K173363AL;5;1;2,3;Y
K173366FN;5;1;2,3;Y
K173361FN;5;1;2,3;Y
K166661EA;5;2;2;Y
K166453MM;5;3;2;Y
K157503MM;5;4;2;Y
K157301PN;5;4;2;Y
K166558PN;5;5;2;N
K166155DM;5;5-6;2,3;Y
K166831PN;5;6;2;Y
K166382MH;5;7;2;Y
K157394MM;5;1-4;3;N
K157387PN;5;4;3;N
K157386PN;5;5;3;Y
K157571PN;5;6;3;N
K157301PN;5;7;3;N
K166362PN;6;1-2;1-3;Y
K157394MM;6;2;1;Y
K166362PN;6;3;1;N
K157387PN;6;3-5;1-3;Y
K166406DM;6;5;1-3;Y
K157440PN;6;6;1-3;Y
K157526PN;6;7;1;Y
K157524PN;6;7;1-2;Y
K157579PN;6;7;1-2;Y
K157324MM;6;2;2;Y
K157386PN;6;5;2;N
K157316MH;6;7;2;Y
K157579PN;6;6;3;N
K166529PN;6;7;3;N
K157351MS;7;1;1;Y
K157369SF;7;2;1,3;Y
K157402BM;7;3-4;1;Y
K157356SM;7;4;1;Y
K157355MI;7;4-5;1,2;Y
K166563BM;7;5-6;1-3;Y
K1666611SC;7;6;1;Y
K157477SM;7;7;1;Y
K157544JK;7;7;1;Y
K157461SB;7;1;2,3;Y
K157341BM;7;1;2;Y
K157475MM;7;2;2;Y
K166393JJ;7;2;2,3;Y
K157342SM;7;2-3;2;Y
K157401SM;7;3;2;Y
K157358SM;7;3-4;2,3;Y
K157542CA;7;6;2;Y
K157559SB;7;6;2;Y
K166651CU;7;6;2;Y
K157549BM;7;7;2;Y
K157425SB;7;7;2;Y
K157550SC;7;7;2;Y
K157475MM;7;1;3;N
K157378MM;7;6-7;3;Y
K157460SB;8;1-2;1-3;Y
K157467MM;8;2-3;1,3;Y
K157468BM;8;3-4;1;Y
K157400CA;8;4;1;Y
K157561MM;8;5;1,3;Y
K157497PL;8;5;1;Y
K157374JK;8;6;1,3;Y
K157375MM;8;6-7;1-2;N
K157552CA;8;1;2;Y
K157475MM;8;2;2;Y
K157467MM;8;3;2;N
K157466BM;8;3-4;2-3;Y
K157541PL;8;4;2;Y
K157478CA;8;4;2;Y
K157407CA;8;5;2;Y
K157425SB;8;7;2;N
K157475MM;8;7;3;Y
K157413PN;9;1;1-3;Y
K166349PN;9;1;1;Y
K157444PN;9;2;1;Y
K157319PN;9;3;1;Y
K166416PN;9;3;1;Y
21FZ006GLLZA;9;4;1;Y
21HK935WAGFZA;9;4;1;Y
21HK074GCLZA;9;5;1;Y
21MW030TLLZA;9;5;1;Y
21MW050TCLZA;9;5;1;Y
21HK053TCLZA;9;6;1;Y
21DE058TLLZA;9;6;1;Y
21DY033TRLDZ;9;6-7;1;Y
21FZ025TLLZA;9;7;1,3;Y
K157038MM;9;7;1;Y
K157513PN;9;2-3;2,3;Y
FZ003SLGPWM;9;3;2;Y
21FZ001TGLZA;9;4;2;Y
21FZ001GCLZA;9;4;2;Y
21HK004GLLZA;9;5;2;Y
21JL039SLGPWM;9;5;2,3;Y
21DP049GCLZA;9;5;2;Y
21DP053GLLZA;9;5;2;Y
21DE050TLLZA;9;6;2;Y
21DY036TLLZA;9;6-7;2,3;Y
21DE058TLLZA;9;7;2;N
21HK053TCLZA;9;7;3;N
K157414PN;10;1;1,3;Y
FZF00739ST;10;1;1;Y
K156781TB;10;1;1;Y
K157136SM;10;1;1;Y
K166195PN;10;2;1;Y
K157154TB;10;2;1;Y
K157026MM;10;2;1,3;Y
FZ057GRDTG;10;3;1;Y
K157222DM;10;3;1;Y
K157014DM;10;4;1;Y
21DY034GLLZA;10;4;1,3;Y
21DM038TLLZA;10;4;1,3;Y
21MI004TLLZA;10;4;1;Y
21DY067GGSZA;10;5;1;Y
21FZ039GGSZA;10;5-6;1;Y
21FZ068GGSZA;10;6;1,3;Y
21PT033GGSZA;10;7;1,2;Y
21LM016GGSZA;10;7;1-3;Y
21LM016TGSZA;10;7;1,3;Y
K166195PN;10;1;2;N
K166194PN;10;1;2;Y
K156403PN;10;1;2;Y
K157512PN;10;2;2;Y
K173043FN;10;2;2;Y
21DY004TDLZA;10;3;2;Y
K157013PP;10;3;2;Y
FESS008;10;3;2;Y
21DY019GDLZA;10;3-4;2;Y
21DY035TLLZA;10;4;2,3;Y
21MI004VLLZA;10;5;2,3;Y
21MI004TLLZA;10;5;2;N
21FZ001DTGPZA;10;5-6;2,3;Y
21FZ040GGSZA;10;6;2;Y
21LM143GSGPZA;10;6;2,3;Y
21DY067TGSTR;10;7;2;Y
K157444PN;10;2;3;N
K166195PN;10;2;3;Y
21HK004GLLZA;10;5;3;N
21SL168SLBPZA;11;1;1,3;Y
21DM013BCLZA;11;1;1,3;Y
21S5020BCLZA;11;1;1,2;Y
21TE036ELLZA;11;2;1;Y
21MK020ECLZA;11;2;1;Y
21DM021BLLZA;11;3;1;Y
21SP006BLLZA;11;3;1;Y
21FZ062BSLZA;11;3;1,3;Y
21WL002BLLZA;11;4;1;Y
21MK006YLLZA;11;4;1;Y
21NE010BLLTG;11;4;1;Y
21SX025BLLZA;11;5-6;1;Y
21BM042BRDTG;11;7;1;Y
21FZ050TCLZA;11;7;1;Y
21S5009ECLZA;11;1;2;Y
21S5017BLLZA;11;1;2;Y
21SP005ELLZA;11;2;2;Y
21TE014ELLZA;11;2;2;Y
21TE014YLLZA;11;2;2,3;Y
21FR002BLLZA;11;3;2;Y
21MV007ELLZA;11;3;2;Y
21FZ005ECLDZ;11;4;2,3;Y
21MK021ECLZA;11;4;2;Y
21TE017ECLMJ;11;4;2;Y
21SX026BLLZA;11;5;2;Y
21PR000BLLZA;11;5;2;Y
21MV006BCLZA;11;5;2;Y
21NE006BCLDZ;11;6;2,3;Y
21MK011ELLDZ;11;6;2;Y
21NE005BLLDZ;11;7;2,3;Y
21DM043BBFDZ;11;7;2;Y
21DM025BRLDZ;11;7;2;Y
21SP004ELLZA;11;2;3;N
21WL002BLLZA;11;3;3;N
21FR003ELLZA;11;3;2,3;Y
21DM043BBFDZ;11;5;3;N
21S5017BLLDZ;12;1-2;1,2;Y
21SP006BLLDZ;12;2-4;1-3;Y
21BM021BLLDZ;12;4-5;1-3;Y
21S5011BCLDZ;12;6;1,3;Y
21SP004ELLZA;12;1;2,3;Y
21BM020ELLDZ;12;6;2,3;Y
21NJ011BLLDZ;12;6;2;Y
21NJ021ECLDZ;12;6;2;Y
K157576MM;12;1;3;N
K157454PN;12;6;3;N
K157576MM;13;1;1,3;Y
K166843PN;13;1;1;Y
K157529PN;13;1;1;Y
K157533PN;13;2;1;Y
K157432PN;13;2;1;Y
K157528MM;13;3;1;Y
K157535PN;13;3;1;Y
K157575PN;13;3;1;Y
K157455PN;13;4;1;Y
K157452PN;13;4-5;1;Y
K157534PN;13;5-6;1;Y
K166401PN;13;6;1;Y
K166628PN;13;1;2,3;Y
K157411MM;13;1;2,3;Y
K157436MM;13;1-2;2,3;Y
K157451PN;13;2;2;Y
K157453PN;13;2;2;Y
K157452PN;13;3;2;N
K157432PN;13;3-5;2;N
K157454PN;13;6;2,3;Y
K157456PN;13;6;2;N
K157577PN;13;6;2;Y
K157529PN;13;3;3;N
K157451PN;13;3;3;N
K157432PN;13;4;3;N
K157528MM;13;5;3;N
K157535PN;13;5;3;Y
K157575PN;13;6;3;N
K157455PN;13;6;3;N
K157601PN;14;1;1,3;Y
K157438MM;14;1;1;Y
K157456PN;14;1;1;Y
K173024PN;14;2;1;Y
K157527MM;14;3;1;Y
K166994PN;14;3;1;Y
K157316MH;14;4;1;Y
K157329EA;14;4;1,3;Y
K166361PN;14;5;1;Y
K157453PN;14;1-2;3;N
K157438MM;14;3;3;N
K157456PN;14;3;3;N
K173024PN;15;2;1;N
K157527MM;15;3;1;N
K157329EA;15;4;1;N
K157316MH;15;1-6;3;N
21FZ011GLVPWM;9;1;2,3;Y
21HK060GLLZA;9;2;1;Y
21FZ010GLLDZ;9;4;3;Y
21FZ004GLLDZ;9;4;1;Y
21FZ014LLVFWM;9;1;1;Y
21NJ060BLLTF;1;8;1;Y
21DM014BRLKL;11;7;1;Y
21DM020BLLTG;1;8;1;Y
21A2038BLLZA;11;7;1;Y
21A2067LLBCWM;11;6;2;Y
21BM042BRDTG;1;8;1;Y
21DM047LLBCWM;11;5;2;Y
17FZ000JSLZA;9;1;2;Y
BM012E;11;2;2;Y
21SP003ELLZA;11;4;1;Y
K157400CA;8;4;1;Y
21HKC19RLGFWM;17;4;2;Y
21FZ003SLVPWM;10;1;2;Y
WN000E;11;1;2;Y
21AG003SSBPZA;2;3;2;Y
21S5009ECLDZ;11;1;2;Y
21JP053SLFCTG;2;7;2;Y
21FZ005ECLZA;11;1;2;Y
WN003;11;4;2;Y
21BJA37SLGBZA;19;3;2;Y
FZ007C;10;1;1;Y
K157157PN;16;6;2;Y
K5140880;16;7;2;Y
21FZ001GCLZA;10;3;1;Y
;;;;Y
;;;;Y
;;;;Y
;;;;Y
;;;;Y
;;;;Y
;;;;Y
;;;;Y
;;;;Y
;;;;Y
;;;;Y
;;;;Y
;;;;Y
;;;;Y
;;;;Y
;;;;Y
;;;;Y
;;;;Y
;;;;Y
;;;;Y
;;;;Y
;;;;Y
;;;;Y
;;;;Y
;;;;Y
;;;;Y
;;;;Y
;;;;Y
;;;;Y
;;;;Y
;;;;Y
;;;;Y
;;;;Y
;;;;Y
;;;;Y
;;;;Y
;;;;Y
;;;;Y
;;;;Y
;;;;Y
;;;;Y
;;;;Y
;;;;Y
;;;;Y
;;;;Y
;;;;Y
;;;;Y
;;;;Y
;;;;Y
;;;;Y
;;;;Y
;;;;Y
;;;;Y
;;;;Y
;;;;Y
;;;;Y
;;;;Y
;;;;Y
;;;;Y
;;;;Y
;;;;Y
;;;;Y
;;;;Y
;;;;Y
;;;;Y
;;;;Y
;;;;Y
;;;;Y
;;;;Y
;;;;Y
;;;;Y
;;;;Y
;;;;Y
;;;;Y
;;;;Y
;;;;Y
;;;;Y
;;;;Y
;;;;Y
;;;;Y
;;;;Y
;;;;Y
;;;;Y
;;;;Y
;;;;Y
;;;;Y
;;;;Y
;;;;Y
;;;;Y
;;;;Y
;;;;Y
;;;;Y
;;;;Y
;;;;Y
;;;;Y
;;;;Y
;;;;Y
;;;;Y
;;;;Y
;;;;Y
;;;;Y
;;;;Y
;;;;Y
;;;;Y
;;;;Y
;;;;Y
;;;;Y
;;;;Y
;;;;Y
;;;;Y
;;;;Y
;;;;Y
;;;;Y
;;;;Y
;;;;Y
;;;;Y
;;;;Y
;;;;Y
;;;;Y
;;;;Y
;;;;Y
;;;;Y
;;;;Y
;;;;Y
;;;;Y
;;;;Y
;;;;Y
;;;;Y
;;;;Y
;;;;Y
;;;;Y
;;;;Y
;;;;Y
;;;;Y
;;;;Y
;;;;Y
;;;;Y
;;;;Y
;;;;Y
;;;;Y
;;;;Y
;;;;Y
;;;;Y
;;;;Y
;;;;Y
;;;;Y
;;;;Y
;;;;Y
;;;;Y
;;;;Y
;;;;Y
;;;;Y
;;;;Y
;;;;Y
;;;;Y
;;;;Y
